{"format": "graph-model", "generatedBy": "2.15.0", "convertedBy": "TensorFlow.js Converter v4.20.0", "signature": {"inputs": {"category_input:0": {"name": "category_input:0", "dtype": "DT_FLOAT", "tensorShape": {"dim": [{"size": "-1"}, {"size": "1"}]}}, "rating_place_input:0": {"name": "rating_place_input:0", "dtype": "DT_FLOAT", "tensorShape": {"dim": [{"size": "-1"}, {"size": "1"}]}}, "user_input:0": {"name": "user_input:0", "dtype": "DT_FLOAT", "tensorShape": {"dim": [{"size": "-1"}, {"size": "1"}]}}, "city_input:0": {"name": "city_input:0", "dtype": "DT_FLOAT", "tensorShape": {"dim": [{"size": "-1"}, {"size": "1"}]}}, "place_input:0": {"name": "place_input:0", "dtype": "DT_FLOAT", "tensorShape": {"dim": [{"size": "-1"}, {"size": "1"}]}}, "verified_input:0": {"name": "verified_input:0", "dtype": "DT_FLOAT", "tensorShape": {"dim": [{"size": "-1"}, {"size": "1"}]}}}, "outputs": {"dense_2": {"name": "Identity:0", "dtype": "DT_FLOAT", "tensorShape": {"dim": [{"size": "-1"}, {"size": "1"}]}}}}, "modelTopology": {"node": [{"name": "unknown_4", "op": "Const", "attr": {"dtype": {"type": "DT_FLOAT"}, "value": {"tensor": {"dtype": "DT_FLOAT", "tensorShape": {"dim": [{"size": "27500"}, {"size": "50"}]}}}}}, {"name": "StatefulPartitionedCall/model/embedding/embedding_lookup/axis", "op": "Const", "attr": {"value": {"tensor": {"dtype": "DT_INT32", "tensorShape": {}}}, "dtype": {"type": "DT_INT32"}}}, {"name": "StatefulPartitionedCall/model/flatten/Const", "op": "Const", "attr": {"value": {"tensor": {"dtype": "DT_INT32", "tensorShape": {"dim": [{"size": "2"}]}}}, "dtype": {"type": "DT_INT32"}}}, {"name": "unknown_3", "op": "Const", "attr": {"value": {"tensor": {"dtype": "DT_FLOAT", "tensorShape": {"dim": [{"size": "743"}, {"size": "50"}]}}}, "dtype": {"type": "DT_FLOAT"}}}, {"name": "StatefulPartitionedCall/model/embedding_1/embedding_lookup/axis", "op": "Const", "attr": {"dtype": {"type": "DT_INT32"}, "value": {"tensor": {"dtype": "DT_INT32", "tensorShape": {}}}}}, {"name": "StatefulPartitionedCall/model/flatten_1/Const", "op": "Const", "attr": {"value": {"tensor": {"dtype": "DT_INT32", "tensorShape": {"dim": [{"size": "2"}]}}}, "dtype": {"type": "DT_INT32"}}}, {"name": "unknown_2", "op": "Const", "attr": {"value": {"tensor": {"dtype": "DT_FLOAT", "tensorShape": {"dim": [{"size": "3"}, {"size": "50"}]}}}, "dtype": {"type": "DT_FLOAT"}}}, {"name": "StatefulPartitionedCall/model/embedding_2/embedding_lookup/axis", "op": "Const", "attr": {"dtype": {"type": "DT_INT32"}, "value": {"tensor": {"dtype": "DT_INT32", "tensorShape": {}}}}}, {"name": "StatefulPartitionedCall/model/flatten_2/Const", "op": "Const", "attr": {"dtype": {"type": "DT_INT32"}, "value": {"tensor": {"dtype": "DT_INT32", "tensorShape": {"dim": [{"size": "2"}]}}}}}, {"name": "unknown_1", "op": "Const", "attr": {"dtype": {"type": "DT_FLOAT"}, "value": {"tensor": {"dtype": "DT_FLOAT", "tensorShape": {"dim": [{"size": "9"}, {"size": "50"}]}}}}}, {"name": "StatefulPartitionedCall/model/embedding_3/embedding_lookup/axis", "op": "Const", "attr": {"dtype": {"type": "DT_INT32"}, "value": {"tensor": {"dtype": "DT_INT32", "tensorShape": {}}}}}, {"name": "StatefulPartitionedCall/model/flatten_3/Const", "op": "Const", "attr": {"value": {"tensor": {"dtype": "DT_INT32", "tensorShape": {"dim": [{"size": "2"}]}}}, "dtype": {"type": "DT_INT32"}}}, {"name": "unknown_0", "op": "Const", "attr": {"value": {"tensor": {"dtype": "DT_FLOAT", "tensorShape": {"dim": [{"size": "17"}, {"size": "50"}]}}}, "dtype": {"type": "DT_FLOAT"}}}, {"name": "StatefulPartitionedCall/model/embedding_4/embedding_lookup/axis", "op": "Const", "attr": {"dtype": {"type": "DT_INT32"}, "value": {"tensor": {"dtype": "DT_INT32", "tensorShape": {}}}}}, {"name": "StatefulPartitionedCall/model/flatten_4/Const", "op": "Const", "attr": {"dtype": {"type": "DT_INT32"}, "value": {"tensor": {"dtype": "DT_INT32", "tensorShape": {"dim": [{"size": "2"}]}}}}}, {"name": "unknown", "op": "Const", "attr": {"value": {"tensor": {"dtype": "DT_FLOAT", "tensorShape": {"dim": [{"size": "3"}, {"size": "50"}]}}}, "dtype": {"type": "DT_FLOAT"}}}, {"name": "StatefulPartitionedCall/model/embedding_5/embedding_lookup/axis", "op": "Const", "attr": {"dtype": {"type": "DT_INT32"}, "value": {"tensor": {"dtype": "DT_INT32", "tensorShape": {}}}}}, {"name": "StatefulPartitionedCall/model/flatten_5/Const", "op": "Const", "attr": {"value": {"tensor": {"dtype": "DT_INT32", "tensorShape": {"dim": [{"size": "2"}]}}}, "dtype": {"type": "DT_INT32"}}}, {"name": "StatefulPartitionedCall/model/concatenate/concat/axis", "op": "Const", "attr": {"value": {"tensor": {"dtype": "DT_INT32", "tensorShape": {}}}, "dtype": {"type": "DT_INT32"}}}, {"name": "StatefulPartitionedCall/model/batch_normalization/batchnorm/mul", "op": "Const", "attr": {"dtype": {"type": "DT_FLOAT"}, "value": {"tensor": {"dtype": "DT_FLOAT", "tensorShape": {"dim": [{"size": "300"}]}}}}}, {"name": "StatefulPartitionedCall/model/batch_normalization/batchnorm/sub", "op": "Const", "attr": {"value": {"tensor": {"dtype": "DT_FLOAT", "tensorShape": {"dim": [{"size": "300"}]}}}, "dtype": {"type": "DT_FLOAT"}}}, {"name": "StatefulPartitionedCall/model/dense/MatMul/ReadVariableOp", "op": "Const", "attr": {"dtype": {"type": "DT_FLOAT"}, "value": {"tensor": {"dtype": "DT_FLOAT", "tensorShape": {"dim": [{"size": "300"}, {"size": "128"}]}}}}}, {"name": "StatefulPartitionedCall/model/dense/BiasAdd/ReadVariableOp", "op": "Const", "attr": {"dtype": {"type": "DT_FLOAT"}, "value": {"tensor": {"dtype": "DT_FLOAT", "tensorShape": {"dim": [{"size": "128"}]}}}}}, {"name": "StatefulPartitionedCall/model/dense_1/MatMul/ReadVariableOp", "op": "Const", "attr": {"dtype": {"type": "DT_FLOAT"}, "value": {"tensor": {"dtype": "DT_FLOAT", "tensorShape": {"dim": [{"size": "128"}, {"size": "64"}]}}}}}, {"name": "StatefulPartitionedCall/model/dense_1/BiasAdd/ReadVariableOp", "op": "Const", "attr": {"dtype": {"type": "DT_FLOAT"}, "value": {"tensor": {"dtype": "DT_FLOAT", "tensorShape": {"dim": [{"size": "64"}]}}}}}, {"name": "StatefulPartitionedCall/model/dense_2/MatMul/ReadVariableOp", "op": "Const", "attr": {"dtype": {"type": "DT_FLOAT"}, "value": {"tensor": {"dtype": "DT_FLOAT", "tensorShape": {"dim": [{"size": "64"}, {"size": "1"}]}}}}}, {"name": "StatefulPartitionedCall/model/dense_2/BiasAdd/ReadVariableOp", "op": "Const", "attr": {"value": {"tensor": {"dtype": "DT_FLOAT", "tensorShape": {"dim": [{"size": "1"}]}}}, "dtype": {"type": "DT_FLOAT"}}}, {"name": "category_input", "op": "Placeholder", "attr": {"shape": {"shape": {"dim": [{"size": "-1"}, {"size": "1"}]}}, "dtype": {"type": "DT_FLOAT"}}}, {"name": "city_input", "op": "Placeholder", "attr": {"shape": {"shape": {"dim": [{"size": "-1"}, {"size": "1"}]}}, "dtype": {"type": "DT_FLOAT"}}}, {"name": "place_input", "op": "Placeholder", "attr": {"dtype": {"type": "DT_FLOAT"}, "shape": {"shape": {"dim": [{"size": "-1"}, {"size": "1"}]}}}}, {"name": "rating_place_input", "op": "Placeholder", "attr": {"dtype": {"type": "DT_FLOAT"}, "shape": {"shape": {"dim": [{"size": "-1"}, {"size": "1"}]}}}}, {"name": "user_input", "op": "Placeholder", "attr": {"shape": {"shape": {"dim": [{"size": "-1"}, {"size": "1"}]}}, "dtype": {"type": "DT_FLOAT"}}}, {"name": "verified_input", "op": "Placeholder", "attr": {"shape": {"shape": {"dim": [{"size": "-1"}, {"size": "1"}]}}, "dtype": {"type": "DT_FLOAT"}}}, {"name": "StatefulPartitionedCall/model/embedding_2/Cast", "op": "Cast", "input": ["category_input"], "attr": {"DstT": {"type": "DT_INT32"}, "SrcT": {"type": "DT_FLOAT"}, "Truncate": {"b": false}}}, {"name": "StatefulPartitionedCall/model/embedding_3/Cast", "op": "Cast", "input": ["city_input"], "attr": {"Truncate": {"b": false}, "DstT": {"type": "DT_INT32"}, "SrcT": {"type": "DT_FLOAT"}}}, {"name": "StatefulPartitionedCall/model/embedding_1/Cast", "op": "Cast", "input": ["place_input"], "attr": {"Truncate": {"b": false}, "DstT": {"type": "DT_INT32"}, "SrcT": {"type": "DT_FLOAT"}}}, {"name": "StatefulPartitionedCall/model/embedding_4/Cast", "op": "Cast", "input": ["rating_place_input"], "attr": {"DstT": {"type": "DT_INT32"}, "Truncate": {"b": false}, "SrcT": {"type": "DT_FLOAT"}}}, {"name": "StatefulPartitionedCall/model/embedding/Cast", "op": "Cast", "input": ["user_input"], "attr": {"SrcT": {"type": "DT_FLOAT"}, "Truncate": {"b": false}, "DstT": {"type": "DT_INT32"}}}, {"name": "StatefulPartitionedCall/model/embedding_5/Cast", "op": "Cast", "input": ["verified_input"], "attr": {"SrcT": {"type": "DT_FLOAT"}, "Truncate": {"b": false}, "DstT": {"type": "DT_INT32"}}}, {"name": "StatefulPartitionedCall/model/embedding_2/embedding_lookup", "op": "GatherV2", "input": ["unknown_2", "StatefulPartitionedCall/model/embedding_2/Cast", "StatefulPartitionedCall/model/embedding_2/embedding_lookup/axis"], "attr": {"Taxis": {"type": "DT_INT32"}, "Tparams": {"type": "DT_FLOAT"}, "batch_dims": {"i": "0"}, "Tindices": {"type": "DT_INT32"}, "_has_manual_control_dependencies": {"b": true}}}, {"name": "StatefulPartitionedCall/model/embedding_3/embedding_lookup", "op": "GatherV2", "input": ["unknown_1", "StatefulPartitionedCall/model/embedding_3/Cast", "StatefulPartitionedCall/model/embedding_3/embedding_lookup/axis"], "attr": {"Tparams": {"type": "DT_FLOAT"}, "_has_manual_control_dependencies": {"b": true}, "batch_dims": {"i": "0"}, "Taxis": {"type": "DT_INT32"}, "Tindices": {"type": "DT_INT32"}}}, {"name": "StatefulPartitionedCall/model/embedding_1/embedding_lookup", "op": "GatherV2", "input": ["unknown_3", "StatefulPartitionedCall/model/embedding_1/Cast", "StatefulPartitionedCall/model/embedding_1/embedding_lookup/axis"], "attr": {"Tparams": {"type": "DT_FLOAT"}, "Tindices": {"type": "DT_INT32"}, "Taxis": {"type": "DT_INT32"}, "_has_manual_control_dependencies": {"b": true}, "batch_dims": {"i": "0"}}}, {"name": "StatefulPartitionedCall/model/embedding_4/embedding_lookup", "op": "GatherV2", "input": ["unknown_0", "StatefulPartitionedCall/model/embedding_4/Cast", "StatefulPartitionedCall/model/embedding_4/embedding_lookup/axis"], "attr": {"Taxis": {"type": "DT_INT32"}, "batch_dims": {"i": "0"}, "_has_manual_control_dependencies": {"b": true}, "Tindices": {"type": "DT_INT32"}, "Tparams": {"type": "DT_FLOAT"}}}, {"name": "StatefulPartitionedCall/model/embedding/embedding_lookup", "op": "GatherV2", "input": ["unknown_4", "StatefulPartitionedCall/model/embedding/Cast", "StatefulPartitionedCall/model/embedding/embedding_lookup/axis"], "attr": {"Taxis": {"type": "DT_INT32"}, "_has_manual_control_dependencies": {"b": true}, "Tindices": {"type": "DT_INT32"}, "batch_dims": {"i": "0"}, "Tparams": {"type": "DT_FLOAT"}}}, {"name": "StatefulPartitionedCall/model/embedding_5/embedding_lookup", "op": "GatherV2", "input": ["unknown", "StatefulPartitionedCall/model/embedding_5/Cast", "StatefulPartitionedCall/model/embedding_5/embedding_lookup/axis"], "attr": {"Tparams": {"type": "DT_FLOAT"}, "_has_manual_control_dependencies": {"b": true}, "Tindices": {"type": "DT_INT32"}, "batch_dims": {"i": "0"}, "Taxis": {"type": "DT_INT32"}}}, {"name": "StatefulPartitionedCall/model/flatten_2/Reshape", "op": "Reshape", "input": ["StatefulPartitionedCall/model/embedding_2/embedding_lookup", "StatefulPartitionedCall/model/flatten_2/Const"], "attr": {"Tshape": {"type": "DT_INT32"}, "T": {"type": "DT_FLOAT"}}}, {"name": "StatefulPartitionedCall/model/flatten_3/Reshape", "op": "Reshape", "input": ["StatefulPartitionedCall/model/embedding_3/embedding_lookup", "StatefulPartitionedCall/model/flatten_3/Const"], "attr": {"T": {"type": "DT_FLOAT"}, "Tshape": {"type": "DT_INT32"}}}, {"name": "StatefulPartitionedCall/model/flatten_1/Reshape", "op": "Reshape", "input": ["StatefulPartitionedCall/model/embedding_1/embedding_lookup", "StatefulPartitionedCall/model/flatten_1/Const"], "attr": {"Tshape": {"type": "DT_INT32"}, "T": {"type": "DT_FLOAT"}}}, {"name": "StatefulPartitionedCall/model/flatten_4/Reshape", "op": "Reshape", "input": ["StatefulPartitionedCall/model/embedding_4/embedding_lookup", "StatefulPartitionedCall/model/flatten_4/Const"], "attr": {"T": {"type": "DT_FLOAT"}, "Tshape": {"type": "DT_INT32"}}}, {"name": "StatefulPartitionedCall/model/flatten/Reshape", "op": "Reshape", "input": ["StatefulPartitionedCall/model/embedding/embedding_lookup", "StatefulPartitionedCall/model/flatten/Const"], "attr": {"Tshape": {"type": "DT_INT32"}, "T": {"type": "DT_FLOAT"}}}, {"name": "StatefulPartitionedCall/model/flatten_5/Reshape", "op": "Reshape", "input": ["StatefulPartitionedCall/model/embedding_5/embedding_lookup", "StatefulPartitionedCall/model/flatten_5/Const"], "attr": {"Tshape": {"type": "DT_INT32"}, "T": {"type": "DT_FLOAT"}}}, {"name": "StatefulPartitionedCall/model/concatenate/concat", "op": "ConcatV2", "input": ["StatefulPartitionedCall/model/flatten/Reshape", "StatefulPartitionedCall/model/flatten_1/Reshape", "StatefulPartitionedCall/model/flatten_2/Reshape", "StatefulPartitionedCall/model/flatten_3/Reshape", "StatefulPartitionedCall/model/flatten_4/Reshape", "StatefulPartitionedCall/model/flatten_5/Reshape", "StatefulPartitionedCall/model/concatenate/concat/axis"], "attr": {"T": {"type": "DT_FLOAT"}, "Tidx": {"type": "DT_INT32"}, "N": {"i": "6"}}}, {"name": "StatefulPartitionedCall/model/batch_normalization/batchnorm/mul_1", "op": "Mul", "input": ["StatefulPartitionedCall/model/concatenate/concat", "StatefulPartitionedCall/model/batch_normalization/batchnorm/mul"], "attr": {"T": {"type": "DT_FLOAT"}}}, {"name": "StatefulPartitionedCall/model/batch_normalization/batchnorm/add_1", "op": "AddV2", "input": ["StatefulPartitionedCall/model/batch_normalization/batchnorm/mul_1", "StatefulPartitionedCall/model/batch_normalization/batchnorm/sub"], "attr": {"T": {"type": "DT_FLOAT"}}}, {"name": "StatefulPartitionedCall/model/dense/Relu", "op": "_FusedMatMul", "input": ["StatefulPartitionedCall/model/batch_normalization/batchnorm/add_1", "StatefulPartitionedCall/model/dense/MatMul/ReadVariableOp", "StatefulPartitionedCall/model/dense/BiasAdd/ReadVariableOp"], "device": "/device:CPU:0", "attr": {"T": {"type": "DT_FLOAT"}, "epsilon": {"f": 0.0}, "transpose_a": {"b": false}, "leakyrelu_alpha": {"f": 0.2}, "num_args": {"i": "1"}, "transpose_b": {"b": false}, "fused_ops": {"list": {"s": ["Qmlhc0FkZA==", "UmVsdQ=="]}}}}, {"name": "StatefulPartitionedCall/model/dense_1/Relu", "op": "_FusedMatMul", "input": ["StatefulPartitionedCall/model/dense/Relu", "StatefulPartitionedCall/model/dense_1/MatMul/ReadVariableOp", "StatefulPartitionedCall/model/dense_1/BiasAdd/ReadVariableOp"], "device": "/device:CPU:0", "attr": {"fused_ops": {"list": {"s": ["Qmlhc0FkZA==", "UmVsdQ=="]}}, "transpose_b": {"b": false}, "num_args": {"i": "1"}, "leakyrelu_alpha": {"f": 0.2}, "epsilon": {"f": 0.0}, "transpose_a": {"b": false}, "T": {"type": "DT_FLOAT"}}}, {"name": "StatefulPartitionedCall/model/dense_2/BiasAdd", "op": "_FusedMatMul", "input": ["StatefulPartitionedCall/model/dense_1/Relu", "StatefulPartitionedCall/model/dense_2/MatMul/ReadVariableOp", "StatefulPartitionedCall/model/dense_2/BiasAdd/ReadVariableOp"], "device": "/device:CPU:0", "attr": {"leakyrelu_alpha": {"f": 0.2}, "epsilon": {"f": 0.0}, "transpose_b": {"b": false}, "num_args": {"i": "1"}, "T": {"type": "DT_FLOAT"}, "fused_ops": {"list": {"s": ["Qmlhc0FkZA=="]}}, "transpose_a": {"b": false}}}, {"name": "Identity", "op": "Identity", "input": ["StatefulPartitionedCall/model/dense_2/BiasAdd"], "attr": {"T": {"type": "DT_FLOAT"}}}], "library": {}, "versions": {"producer": 1766}}, "weightsManifest": [{"paths": ["group1-shard1of2.bin", "group1-shard2of2.bin"], "weights": [{"name": "unknown_4", "shape": [27500, 50], "dtype": "float32"}, {"name": "StatefulPartitionedCall/model/embedding/embedding_lookup/axis", "shape": [], "dtype": "int32"}, {"name": "StatefulPartitionedCall/model/flatten/Const", "shape": [2], "dtype": "int32"}, {"name": "unknown_3", "shape": [743, 50], "dtype": "float32"}, {"name": "StatefulPartitionedCall/model/embedding_1/embedding_lookup/axis", "shape": [], "dtype": "int32"}, {"name": "StatefulPartitionedCall/model/flatten_1/Const", "shape": [2], "dtype": "int32"}, {"name": "unknown_2", "shape": [3, 50], "dtype": "float32"}, {"name": "StatefulPartitionedCall/model/embedding_2/embedding_lookup/axis", "shape": [], "dtype": "int32"}, {"name": "StatefulPartitionedCall/model/flatten_2/Const", "shape": [2], "dtype": "int32"}, {"name": "unknown_1", "shape": [9, 50], "dtype": "float32"}, {"name": "StatefulPartitionedCall/model/embedding_3/embedding_lookup/axis", "shape": [], "dtype": "int32"}, {"name": "StatefulPartitionedCall/model/flatten_3/Const", "shape": [2], "dtype": "int32"}, {"name": "unknown_0", "shape": [17, 50], "dtype": "float32"}, {"name": "StatefulPartitionedCall/model/embedding_4/embedding_lookup/axis", "shape": [], "dtype": "int32"}, {"name": "StatefulPartitionedCall/model/flatten_4/Const", "shape": [2], "dtype": "int32"}, {"name": "unknown", "shape": [3, 50], "dtype": "float32"}, {"name": "StatefulPartitionedCall/model/embedding_5/embedding_lookup/axis", "shape": [], "dtype": "int32"}, {"name": "StatefulPartitionedCall/model/flatten_5/Const", "shape": [2], "dtype": "int32"}, {"name": "StatefulPartitionedCall/model/concatenate/concat/axis", "shape": [], "dtype": "int32"}, {"name": "StatefulPartitionedCall/model/batch_normalization/batchnorm/mul", "shape": [300], "dtype": "float32"}, {"name": "StatefulPartitionedCall/model/batch_normalization/batchnorm/sub", "shape": [300], "dtype": "float32"}, {"name": "StatefulPartitionedCall/model/dense/MatMul/ReadVariableOp", "shape": [300, 128], "dtype": "float32"}, {"name": "StatefulPartitionedCall/model/dense/BiasAdd/ReadVariableOp", "shape": [128], "dtype": "float32"}, {"name": "StatefulPartitionedCall/model/dense_1/MatMul/ReadVariableOp", "shape": [128, 64], "dtype": "float32"}, {"name": "StatefulPartitionedCall/model/dense_1/BiasAdd/ReadVariableOp", "shape": [64], "dtype": "float32"}, {"name": "StatefulPartitionedCall/model/dense_2/MatMul/ReadVariableOp", "shape": [64, 1], "dtype": "float32"}, {"name": "StatefulPartitionedCall/model/dense_2/BiasAdd/ReadVariableOp", "shape": [1], "dtype": "float32"}]}]}